use only_one;

SET FOREIGN_KEY_CHECKS = 0;

TRUNCATE TABLE lecture_histories;
TRUNCATE TABLE payments;
TRUNCATE TABLE favorites;
TRUNCATE TABLE connection_status;
TRUNCATE TABLE blacklists;
TRUNCATE TABLE course_reviews;
TRUNCATE TABLE studying_courses;
TRUNCATE TABLE lectures;
TRUNCATE TABLE courses;
TRUNCATE TABLE members;

---

-- 1. members (강사 5명 + 학생 10명)

---

INSERT INTO `members` (`member_id`, `name`, `email`, `password`, `role`, `enrolled_at`, `acc_count`) VALUES
(1,  '김강사', 'teacher1@lms.com',  'Pass!1234', 'TEACHER', '2024-01-10 09:00:00', 0),
(2,  '이강사', 'teacher2@lms.com',  'Pass!1234', 'TEACHER', '2024-01-15 10:00:00', 0),
(3,  '박강사', 'teacher3@lms.com',  'Pass!1234', 'TEACHER', '2024-02-01 09:30:00', 0),
(4,  '최강사', 'teacher4@lms.com',  'Pass!1234', 'TEACHER', '2024-02-10 11:00:00', 0),
(5,  '정강사', 'teacher5@lms.com',  'Pass!1234', 'TEACHER', '2024-03-01 09:00:00', 0),
(6,  '홍길동', 'student1@lms.com',  'Pass!1234', 'STUDENT', '2024-03-05 13:00:00', 0),
(7,  '김철수', 'student2@lms.com',  'Pass!1234', 'STUDENT', '2024-03-10 14:00:00', 0),
(8,  '이영희', 'student3@lms.com',  'Pass!1234', 'STUDENT', '2024-03-15 10:00:00', 0),
(9,  '박민수', 'student4@lms.com',  'Pass!1234', 'STUDENT', '2024-04-01 09:00:00', 0),
(10, '최수진', 'student5@lms.com',  'Pass!1234', 'STUDENT', '2024-04-05 11:00:00', 0),
(11, '정준호', 'student6@lms.com',  'Pass!1234', 'STUDENT', '2024-04-10 15:00:00', 0),
(12, '강은지', 'student7@lms.com',  'Pass!1234', 'STUDENT', '2024-05-01 09:00:00', 0),
(13, '윤성호', 'student8@lms.com',  'Pass!1234', 'STUDENT', '2024-05-10 10:00:00', 0),
(14, '한지혜', 'student9@lms.com',  'Pass!1234', 'STUDENT', '2024-06-01 13:00:00', 0),
(15, '임동현', 'student10@lms.com', 'Pass!1234', 'STUDENT', '2024-06-15 14:00:00', 0);

---

-- 2. courses (강좌 10개)

---

INSERT INTO `courses` (`course_id`, `title`, `member_id`) VALUES
(1,  '왕초보 Java 기초',         1),
(2,  'Java 객체지향 프로그래밍',  1),
(3,  'MySQL 기초부터 활용까지',   2),
(4,  '실전 SQL 튜닝',            2),
(5,  'Spring Boot 입문',         3),
(6,  'JPA와 QueryDSL 실전',      3),
(7,  '파이썬 데이터 분석',        4),
(8,  '머신러닝 입문',            4),
(9,  'React.js 프론트엔드',      5),
(10, 'Node.js 백엔드 서버',      5);

---

-- 3. lectures (강의 30개)

---

INSERT INTO `lectures` (`lecture_id`, `course_id`, `title`) VALUES
(1,  1, 'Java 소개 및 설치'),    (2,  1, '변수와 자료형'),       (3,  1, '조건문과 반복문'),
(4,  2, '클래스와 객체'),        (5,  2, '상속과 다형성'),        (6,  2, '인터페이스'),
(7,  3, '데이터베이스 기초'),    (8,  3, 'SELECT 문법'),          (9,  3, 'JOIN 활용'),
(10, 4, '실행 계획 분석'),       (11, 4, '인덱스 전략'),          (12, 4, '쿼리 최적화'),
(13, 5, 'Spring Boot 소개'),     (14, 5, 'REST API 개발'),        (15, 5, '테스트 코드 작성'),
(16, 6, 'JPA 기초'),             (17, 6, '연관관계 매핑'),        (18, 6, 'QueryDSL 실전'),
(19, 7, '파이썬 기초'),          (20, 7, 'Pandas 데이터 처리'),   (21, 7, 'Matplotlib 시각화'),
(22, 8, '머신러닝 개념'),        (23, 8, '회귀 모델 실습'),       (24, 8, '분류 모델 실습'),
(25, 9, 'React 기초'),           (26, 9, 'Hooks 활용'),           (27, 9, '상태관리'),
(28, 10, 'Node.js 기초'),        (29, 10, 'Express 프레임워크'),  (30, 10, 'REST API 구축');

---

-- 4. studying_courses (status DEFAULT '수강 중')

---

INSERT INTO `studying_courses` (`studying_id`, `course_id`, `member_id`, `status`) VALUES
(1,  1,  6,  '수강완료'), (2,  2,  6,  '수강 중'),
(3,  3,  7,  '수강완료'), (4,  5,  7,  '수강 중'),
(5,  1,  8,  '수강완료'), (6,  3,  8,  '수강완료'),
(7,  5,  9,  '수강 중'),  (8,  7,  9,  '수강 중'),
(9,  1,  10, '수강 중'),  (10, 9,  10, '수강 중'),
(11, 2,  11, '수강완료'), (12, 4,  11, '수강 중'),
(13, 6,  12, '수강 중'),  (14, 8,  12, '수강 중'),
(15, 3,  13, '수강완료'), (16, 7,  13, '수강 중'),
(17, 1,  14, '수강 중'),  (18, 5,  14, '수강 중'),
(19, 9,  15, '수강 중'),  (20, 10, 15, '수강 중');

---

-- 5. course_reviews (수강완료한 강좌만)

---

INSERT INTO `course_reviews` (`review_id`, `course_id`, `member_id`, `contents`, `rating`) VALUES
(1, 1,  6,  '설명이 정말 친절하고 이해하기 쉬웠어요!',         5.0),
(2, 3,  7,  'SQL 기초를 탄탄히 다질 수 있었습니다.',           4.5),
(3, 1,  8,  '처음 Java를 배우는데 너무 좋은 강좌였어요.',      5.0),
(4, 3,  8,  '실무에서 바로 쓸 수 있는 내용들이라 좋았습니다.', 4.0),
(5, 2,  11, '객체지향 개념이 확실히 잡혔어요. 추천합니다!',    4.5),
(6, 3,  13, '쿼리 연습이 많아서 실력이 많이 늘었어요.',        4.0);

---

-- 6. blacklists




-- 7. connection_status
INSERT INTO `connection_status` (`member_id`) VALUES
(6), (7), (9);

---

-- 8. favorites

---

INSERT INTO `favorites` (`fav_id`, `member_id`, `course_id`) VALUES
(1,  6,  3),  (2,  6,  5),  (3,  7,  1),
(4,  7,  7),  (5,  8,  5),  (6,  9,  1),
(7,  9,  9),  (8,  10, 3),  (9,  11, 5),
(10, 12, 7),  (11, 13, 1),  (12, 14, 9),
(13, 15, 2);

---

-- 9. payments

---

INSERT INTO `payments` (`pay_id`, `member_id`, `payed_at`, `price`) VALUES
(1,  6,  '2024-03-05 13:10:00', 29900),
(2,  7,  '2024-03-10 14:10:00', 29900),
(3,  8,  '2024-03-15 10:10:00', 29900),
(4,  9,  '2024-04-01 09:10:00', 29900),
(5,  10, '2024-04-05 11:10:00', 29900),
(6,  11, '2024-04-10 15:10:00', 29900),
(7,  12, '2024-05-01 09:10:00', 29900),
(8,  13, '2024-05-10 10:10:00', 29900),
(9,  14, '2024-06-01 13:10:00', 29900),
(10, 15, '2024-06-15 14:10:00', 29900),
(11, 6,  '2024-04-05 09:00:00', 29900),
(12, 7,  '2024-04-10 10:00:00', 29900),
(13, 8,  '2024-04-15 11:00:00', 29900);

---

-- 10. lecture_histories (status DEFAULT '수강완료')

---

INSERT INTO `lecture_histories` (`history_id`, `member_id`, `lecture_id`, `status`) VALUES
-- 홍길동(6) 강좌1 수강완료 → 강의 1,2,3 모두 수강완료
(1,  6, 1, '수강완료'), (2,  6, 2, '수강완료'), (3,  6, 3, '수강완료'),
-- 홍길동(6) 강좌2 수강 중 → 강의 4만 수강완료
(4,  6, 4, '수강완료'), (5,  6, 5, '미수강'),   (6,  6, 6, '미수강'),
-- 김철수(7) 강좌3 수강완료 → 강의 7,8,9 모두 수강완료
(7,  7, 7, '수강완료'), (8,  7, 8, '수강완료'), (9,  7, 9, '수강완료'),
-- 김철수(7) 강좌5 수강 중 → 강의 13만 수강완료
(10, 7, 13, '수강완료'), (11, 7, 14, '미수강'),  (12, 7, 15, '미수강'),
-- 이영희(8) 강좌1 수강완료 → 강의 1,2,3 모두 수강완료
(13, 8, 1, '수강완료'),  (14, 8, 2, '수강완료'), (15, 8, 3, '수강완료'),
-- 이영희(8) 강좌3 수강완료 → 강의 7,8,9 모두 수강완료
(16, 8, 7, '수강완료'),  (17, 8, 8, '수강완료'), (18, 8, 9, '수강완료'),
-- 박민수(9) 강좌5 수강 중 → 강의 13만 수강완료
(19, 9, 13, '수강완료'), (20, 9, 14, '미수강'),  (21, 9, 15, '미수강'),
-- 박민수(9) 강좌7 수강 중 → 강의 19만 수강완료
(22, 9, 19, '수강완료'), (23, 9, 20, '미수강'),  (24, 9, 21, '미수강'),
-- 최수진(10) 강좌1 수강 중 → 강의 1만 수강완료
(25, 10, 1, '수강완료'), (26, 10, 2, '미수강'),  (27, 10, 3, '미수강'),
-- 최수진(10) 강좌9 수강 중 → 강의 25만 수강완료
(28, 10, 25, '수강완료'),(29, 10, 26, '미수강'), (30, 10, 27, '미수강'),
-- 정준호(11) 강좌2 수강완료 → 강의 4,5,6 모두 수강완료
(31, 11, 4, '수강완료'), (32, 11, 5, '수강완료'),(33, 11, 6, '수강완료'),
-- 정준호(11) 강좌4 수강 중 → 강의 10만 수강완료
(34, 11, 10, '수강완료'),(35, 11, 11, '미수강'), (36, 11, 12, '미수강'),
-- 강은지(12) 강좌6 수강 중 → 강의 16만 수강완료
(37, 12, 16, '수강완료'),(38, 12, 17, '미수강'), (39, 12, 18, '미수강'),
-- 강은지(12) 강좌8 수강 중 → 강의 22만 수강완료
(40, 12, 22, '수강완료'),(41, 12, 23, '미수강'), (42, 12, 24, '미수강'),
-- 윤성호(13) 강좌3 수강완료 → 강의 7,8,9 모두 수강완료
(43, 13, 7, '수강완료'), (44, 13, 8, '수강완료'),(45, 13, 9, '수강완료'),
-- 윤성호(13) 강좌7 수강 중 → 강의 19만 수강완료
(46, 13, 19, '수강완료'),(47, 13, 20, '미수강'), (48, 13, 21, '미수강'),
-- 한지혜(14) 강좌1 수강 중 → 강의 1만 수강완료
(49, 14, 1, '수강완료'), (50, 14, 2, '미수강'),  (51, 14, 3, '미수강'),
-- 한지혜(14) 강좌5 수강 중 → 강의 13만 수강완료
(52, 14, 13, '수강완료'),(53, 14, 14, '미수강'), (54, 14, 15, '미수강'),
-- 임동현(15) 강좌9 수강 중 → 강의 25만 수강완료
(55, 15, 25, '수강완료'),(56, 15, 26, '미수강'), (57, 15, 27, '미수강'),
-- 임동현(15) 강좌10 수강 중 → 강의 28만 수강완료
(58, 15, 28, '수강완료'),(59, 15, 29, '미수강'), (60, 15, 30, '미수강');

SET FOREIGN_KEY_CHECKS = 1;